Field|NAMES,ModelName,InstanceName,Parameters,TimeLimit,CostLimit
Field|KEYS,1,1,1,0,0

RCPSP,KSD/j120_1_1.rcp,,300,-1
RCPSP,KSD/j120_1_2.rcp,,300,-1
RCPSP,KSD/j120_1_3.rcp,,300,-1
RCPSP,KSD/j120_1_4.rcp,,300,-1
RCPSP,KSD/j120_1_5.rcp,,300,-1
RCPSP,KSD/j120_1_6.rcp,,300,-1
RCPSP,KSD/j120_1_7.rcp,,300,-1
RCPSP,KSD/j120_1_8.rcp,,300,-1
RCPSP,KSD/j120_1_9.rcp,,300,-1
RCPSP,KSD/j120_1_10.rcp,,300,-1

RCPSP,KSD/j120_2_1.rcp,,300,-1
RCPSP,KSD/j120_2_2.rcp,,300,-1
RCPSP,KSD/j120_2_3.rcp,,300,-1
RCPSP,KSD/j120_2_4.rcp,,300,-1
RCPSP,KSD/j120_2_5.rcp,,300,-1
RCPSP,KSD/j120_2_6.rcp,,300,-1
RCPSP,KSD/j120_2_7.rcp,,300,-1
RCPSP,KSD/j120_2_8.rcp,,300,-1
RCPSP,KSD/j120_2_9.rcp,,300,-1
RCPSP,KSD/j120_2_10.rcp,,300,-1

RCPSP,KSD/j120_3_1.rcp,,300,-1
RCPSP,KSD/j120_3_2.rcp,,300,-1
RCPSP,KSD/j120_3_3.rcp,,300,-1
RCPSP,KSD/j120_3_4.rcp,,300,-1
RCPSP,KSD/j120_3_5.rcp,,300,-1
RCPSP,KSD/j120_3_6.rcp,,300,-1
RCPSP,KSD/j120_3_7.rcp,,300,-1
RCPSP,KSD/j120_3_8.rcp,,300,-1
RCPSP,KSD/j120_3_9.rcp,,300,-1
RCPSP,KSD/j120_3_10.rcp,,300,-1

RCPSP,KSD/j120_4_1.rcp,,300,-1
RCPSP,KSD/j120_4_2.rcp,,300,-1
RCPSP,KSD/j120_4_3.rcp,,300,-1
RCPSP,KSD/j120_4_4.rcp,,300,-1
RCPSP,KSD/j120_4_5.rcp,,300,-1
RCPSP,KSD/j120_4_6.rcp,,300,-1
RCPSP,KSD/j120_4_7.rcp,,300,-1
RCPSP,KSD/j120_4_8.rcp,,300,-1
RCPSP,KSD/j120_4_9.rcp,,300,-1
RCPSP,KSD/j120_4_10.rcp,,300,-1

RCPSP,KSD/j120_5_1.rcp,,300,-1
RCPSP,KSD/j120_5_2.rcp,,300,-1
RCPSP,KSD/j120_5_3.rcp,,300,-1
RCPSP,KSD/j120_5_4.rcp,,300,-1
RCPSP,KSD/j120_5_5.rcp,,300,-1
RCPSP,KSD/j120_5_6.rcp,,300,-1
RCPSP,KSD/j120_5_7.rcp,,300,-1
RCPSP,KSD/j120_5_8.rcp,,300,-1
RCPSP,KSD/j120_5_9.rcp,,300,-1
RCPSP,KSD/j120_5_10.rcp,,300,-1

RCPSP,KSD/j120_6_1.rcp,,300,-1
RCPSP,KSD/j120_6_2.rcp,,300,-1
RCPSP,KSD/j120_6_3.rcp,,300,-1
RCPSP,KSD/j120_6_4.rcp,,300,-1
RCPSP,KSD/j120_6_5.rcp,,300,-1
RCPSP,KSD/j120_6_6.rcp,,300,-1
RCPSP,KSD/j120_6_7.rcp,,300,-1
RCPSP,KSD/j120_6_8.rcp,,300,-1
RCPSP,KSD/j120_6_9.rcp,,300,-1
RCPSP,KSD/j120_6_10.rcp,,300,-1

RCPSP,KSD/j120_7_1.rcp,,300,-1
RCPSP,KSD/j120_7_2.rcp,,300,-1
RCPSP,KSD/j120_7_3.rcp,,300,-1
RCPSP,KSD/j120_7_4.rcp,,300,-1
RCPSP,KSD/j120_7_5.rcp,,300,-1
RCPSP,KSD/j120_7_6.rcp,,300,-1
RCPSP,KSD/j120_7_7.rcp,,300,-1
RCPSP,KSD/j120_7_8.rcp,,300,-1
RCPSP,KSD/j120_7_9.rcp,,300,-1
RCPSP,KSD/j120_7_10.rcp,,300,-1

RCPSP,KSD/j120_8_1.rcp,,300,-1
RCPSP,KSD/j120_8_2.rcp,,300,-1
RCPSP,KSD/j120_8_3.rcp,,300,-1
RCPSP,KSD/j120_8_4.rcp,,300,-1
RCPSP,KSD/j120_8_5.rcp,,300,-1
RCPSP,KSD/j120_8_6.rcp,,300,-1
RCPSP,KSD/j120_8_7.rcp,,300,-1
RCPSP,KSD/j120_8_8.rcp,,300,-1
RCPSP,KSD/j120_8_9.rcp,,300,-1
RCPSP,KSD/j120_8_10.rcp,,300,-1

RCPSP,KSD/j120_9_1.rcp,,300,-1
RCPSP,KSD/j120_9_2.rcp,,300,-1
RCPSP,KSD/j120_9_3.rcp,,300,-1
RCPSP,KSD/j120_9_4.rcp,,300,-1
RCPSP,KSD/j120_9_5.rcp,,300,-1
RCPSP,KSD/j120_9_6.rcp,,300,-1
RCPSP,KSD/j120_9_7.rcp,,300,-1
RCPSP,KSD/j120_9_8.rcp,,300,-1
RCPSP,KSD/j120_9_9.rcp,,300,-1
RCPSP,KSD/j120_9_10.rcp,,300,-1

RCPSP,KSD/j120_10_1.rcp,,300,-1
RCPSP,KSD/j120_10_2.rcp,,300,-1
RCPSP,KSD/j120_10_3.rcp,,300,-1
RCPSP,KSD/j120_10_4.rcp,,300,-1
RCPSP,KSD/j120_10_5.rcp,,300,-1
RCPSP,KSD/j120_10_6.rcp,,300,-1
RCPSP,KSD/j120_10_7.rcp,,300,-1
RCPSP,KSD/j120_10_8.rcp,,300,-1
RCPSP,KSD/j120_10_9.rcp,,300,-1
RCPSP,KSD/j120_10_10.rcp,,300,-1

RCPSP,KSD/j120_11_1.rcp,,300,-1
RCPSP,KSD/j120_11_2.rcp,,300,-1
RCPSP,KSD/j120_11_3.rcp,,300,-1
RCPSP,KSD/j120_11_4.rcp,,300,-1
RCPSP,KSD/j120_11_5.rcp,,300,-1
RCPSP,KSD/j120_11_6.rcp,,300,-1
RCPSP,KSD/j120_11_7.rcp,,300,-1
RCPSP,KSD/j120_11_8.rcp,,300,-1
RCPSP,KSD/j120_11_9.rcp,,300,-1
RCPSP,KSD/j120_11_10.rcp,,300,-1

RCPSP,KSD/j120_12_1.rcp,,300,-1
RCPSP,KSD/j120_12_2.rcp,,300,-1
RCPSP,KSD/j120_12_3.rcp,,300,-1
RCPSP,KSD/j120_12_4.rcp,,300,-1
RCPSP,KSD/j120_12_5.rcp,,300,-1
RCPSP,KSD/j120_12_6.rcp,,300,-1
RCPSP,KSD/j120_12_7.rcp,,300,-1
RCPSP,KSD/j120_12_8.rcp,,300,-1
RCPSP,KSD/j120_12_9.rcp,,300,-1
RCPSP,KSD/j120_12_10.rcp,,300,-1

RCPSP,KSD/j120_13_1.rcp,,300,-1
RCPSP,KSD/j120_13_2.rcp,,300,-1
RCPSP,KSD/j120_13_3.rcp,,300,-1
RCPSP,KSD/j120_13_4.rcp,,300,-1
RCPSP,KSD/j120_13_5.rcp,,300,-1
RCPSP,KSD/j120_13_6.rcp,,300,-1
RCPSP,KSD/j120_13_7.rcp,,300,-1
RCPSP,KSD/j120_13_8.rcp,,300,-1
RCPSP,KSD/j120_13_9.rcp,,300,-1
RCPSP,KSD/j120_13_10.rcp,,300,-1

RCPSP,KSD/j120_14_1.rcp,,300,-1
RCPSP,KSD/j120_14_2.rcp,,300,-1
RCPSP,KSD/j120_14_3.rcp,,300,-1
RCPSP,KSD/j120_14_4.rcp,,300,-1
RCPSP,KSD/j120_14_5.rcp,,300,-1
RCPSP,KSD/j120_14_6.rcp,,300,-1
RCPSP,KSD/j120_14_7.rcp,,300,-1
RCPSP,KSD/j120_14_8.rcp,,300,-1
RCPSP,KSD/j120_14_9.rcp,,300,-1
RCPSP,KSD/j120_14_10.rcp,,300,-1

RCPSP,KSD/j120_15_1.rcp,,300,-1
RCPSP,KSD/j120_15_2.rcp,,300,-1
RCPSP,KSD/j120_15_3.rcp,,300,-1
RCPSP,KSD/j120_15_4.rcp,,300,-1
RCPSP,KSD/j120_15_5.rcp,,300,-1
RCPSP,KSD/j120_15_6.rcp,,300,-1
RCPSP,KSD/j120_15_7.rcp,,300,-1
RCPSP,KSD/j120_15_8.rcp,,300,-1
RCPSP,KSD/j120_15_9.rcp,,300,-1
RCPSP,KSD/j120_15_10.rcp,,300,-1

RCPSP,KSD/j120_16_1.rcp,,300,-1
RCPSP,KSD/j120_16_2.rcp,,300,-1
RCPSP,KSD/j120_16_3.rcp,,300,-1
RCPSP,KSD/j120_16_4.rcp,,300,-1
RCPSP,KSD/j120_16_5.rcp,,300,-1
RCPSP,KSD/j120_16_6.rcp,,300,-1
RCPSP,KSD/j120_16_7.rcp,,300,-1
RCPSP,KSD/j120_16_8.rcp,,300,-1
RCPSP,KSD/j120_16_9.rcp,,300,-1
RCPSP,KSD/j120_16_10.rcp,,300,-1

RCPSP,KSD/j120_17_1.rcp,,300,-1
RCPSP,KSD/j120_17_2.rcp,,300,-1
RCPSP,KSD/j120_17_3.rcp,,300,-1
RCPSP,KSD/j120_17_4.rcp,,300,-1
RCPSP,KSD/j120_17_5.rcp,,300,-1
RCPSP,KSD/j120_17_6.rcp,,300,-1
RCPSP,KSD/j120_17_7.rcp,,300,-1
RCPSP,KSD/j120_17_8.rcp,,300,-1
RCPSP,KSD/j120_17_9.rcp,,300,-1
RCPSP,KSD/j120_17_10.rcp,,300,-1

RCPSP,KSD/j120_18_1.rcp,,300,-1
RCPSP,KSD/j120_18_2.rcp,,300,-1
RCPSP,KSD/j120_18_3.rcp,,300,-1
RCPSP,KSD/j120_18_4.rcp,,300,-1
RCPSP,KSD/j120_18_5.rcp,,300,-1
RCPSP,KSD/j120_18_6.rcp,,300,-1
RCPSP,KSD/j120_18_7.rcp,,300,-1
RCPSP,KSD/j120_18_8.rcp,,300,-1
RCPSP,KSD/j120_18_9.rcp,,300,-1
RCPSP,KSD/j120_18_10.rcp,,300,-1

RCPSP,KSD/j120_19_1.rcp,,300,-1
RCPSP,KSD/j120_19_2.rcp,,300,-1
RCPSP,KSD/j120_19_3.rcp,,300,-1
RCPSP,KSD/j120_19_4.rcp,,300,-1
RCPSP,KSD/j120_19_5.rcp,,300,-1
RCPSP,KSD/j120_19_6.rcp,,300,-1
RCPSP,KSD/j120_19_7.rcp,,300,-1
RCPSP,KSD/j120_19_8.rcp,,300,-1
RCPSP,KSD/j120_19_9.rcp,,300,-1
RCPSP,KSD/j120_19_10.rcp,,300,-1

RCPSP,KSD/j120_20_1.rcp,,300,-1
RCPSP,KSD/j120_20_2.rcp,,300,-1
RCPSP,KSD/j120_20_3.rcp,,300,-1
RCPSP,KSD/j120_20_4.rcp,,300,-1
RCPSP,KSD/j120_20_5.rcp,,300,-1
RCPSP,KSD/j120_20_6.rcp,,300,-1
RCPSP,KSD/j120_20_7.rcp,,300,-1
RCPSP,KSD/j120_20_8.rcp,,300,-1
RCPSP,KSD/j120_20_9.rcp,,300,-1
RCPSP,KSD/j120_20_10.rcp,,300,-1

RCPSP,KSD/j120_21_1.rcp,,300,-1
RCPSP,KSD/j120_21_2.rcp,,300,-1
RCPSP,KSD/j120_21_3.rcp,,300,-1
RCPSP,KSD/j120_21_4.rcp,,300,-1
RCPSP,KSD/j120_21_5.rcp,,300,-1
RCPSP,KSD/j120_21_6.rcp,,300,-1
RCPSP,KSD/j120_21_7.rcp,,300,-1
RCPSP,KSD/j120_21_8.rcp,,300,-1
RCPSP,KSD/j120_21_9.rcp,,300,-1
RCPSP,KSD/j120_21_10.rcp,,300,-1

RCPSP,KSD/j120_22_1.rcp,,300,-1
RCPSP,KSD/j120_22_2.rcp,,300,-1
RCPSP,KSD/j120_22_3.rcp,,300,-1
RCPSP,KSD/j120_22_4.rcp,,300,-1
RCPSP,KSD/j120_22_5.rcp,,300,-1
RCPSP,KSD/j120_22_6.rcp,,300,-1
RCPSP,KSD/j120_22_7.rcp,,300,-1
RCPSP,KSD/j120_22_8.rcp,,300,-1
RCPSP,KSD/j120_22_9.rcp,,300,-1
RCPSP,KSD/j120_22_10.rcp,,300,-1

RCPSP,KSD/j120_23_1.rcp,,300,-1
RCPSP,KSD/j120_23_2.rcp,,300,-1
RCPSP,KSD/j120_23_3.rcp,,300,-1
RCPSP,KSD/j120_23_4.rcp,,300,-1
RCPSP,KSD/j120_23_5.rcp,,300,-1
RCPSP,KSD/j120_23_6.rcp,,300,-1
RCPSP,KSD/j120_23_7.rcp,,300,-1
RCPSP,KSD/j120_23_8.rcp,,300,-1
RCPSP,KSD/j120_23_9.rcp,,300,-1
RCPSP,KSD/j120_23_10.rcp,,300,-1

RCPSP,KSD/j120_24_1.rcp,,300,-1
RCPSP,KSD/j120_24_2.rcp,,300,-1
RCPSP,KSD/j120_24_3.rcp,,300,-1
RCPSP,KSD/j120_24_4.rcp,,300,-1
RCPSP,KSD/j120_24_5.rcp,,300,-1
RCPSP,KSD/j120_24_6.rcp,,300,-1
RCPSP,KSD/j120_24_7.rcp,,300,-1
RCPSP,KSD/j120_24_8.rcp,,300,-1
RCPSP,KSD/j120_24_9.rcp,,300,-1
RCPSP,KSD/j120_24_10.rcp,,300,-1

RCPSP,KSD/j120_25_1.rcp,,300,-1
RCPSP,KSD/j120_25_2.rcp,,300,-1
RCPSP,KSD/j120_25_3.rcp,,300,-1
RCPSP,KSD/j120_25_4.rcp,,300,-1
RCPSP,KSD/j120_25_5.rcp,,300,-1
RCPSP,KSD/j120_25_6.rcp,,300,-1
RCPSP,KSD/j120_25_7.rcp,,300,-1
RCPSP,KSD/j120_25_8.rcp,,300,-1
RCPSP,KSD/j120_25_9.rcp,,300,-1
RCPSP,KSD/j120_25_10.rcp,,300,-1

RCPSP,KSD/j120_26_1.rcp,,300,-1
RCPSP,KSD/j120_26_2.rcp,,300,-1
RCPSP,KSD/j120_26_3.rcp,,300,-1
RCPSP,KSD/j120_26_4.rcp,,300,-1
RCPSP,KSD/j120_26_5.rcp,,300,-1
RCPSP,KSD/j120_26_6.rcp,,300,-1
RCPSP,KSD/j120_26_7.rcp,,300,-1
RCPSP,KSD/j120_26_8.rcp,,300,-1
RCPSP,KSD/j120_26_9.rcp,,300,-1
RCPSP,KSD/j120_26_10.rcp,,300,-1

RCPSP,KSD/j120_27_1.rcp,,300,-1
RCPSP,KSD/j120_27_2.rcp,,300,-1
RCPSP,KSD/j120_27_3.rcp,,300,-1
RCPSP,KSD/j120_27_4.rcp,,300,-1
RCPSP,KSD/j120_27_5.rcp,,300,-1
RCPSP,KSD/j120_27_6.rcp,,300,-1
RCPSP,KSD/j120_27_7.rcp,,300,-1
RCPSP,KSD/j120_27_8.rcp,,300,-1
RCPSP,KSD/j120_27_9.rcp,,300,-1
RCPSP,KSD/j120_27_10.rcp,,300,-1

RCPSP,KSD/j120_28_1.rcp,,300,-1
RCPSP,KSD/j120_28_2.rcp,,300,-1
RCPSP,KSD/j120_28_3.rcp,,300,-1
RCPSP,KSD/j120_28_4.rcp,,300,-1
RCPSP,KSD/j120_28_5.rcp,,300,-1
RCPSP,KSD/j120_28_6.rcp,,300,-1
RCPSP,KSD/j120_28_7.rcp,,300,-1
RCPSP,KSD/j120_28_8.rcp,,300,-1
RCPSP,KSD/j120_28_9.rcp,,300,-1
RCPSP,KSD/j120_28_10.rcp,,300,-1

RCPSP,KSD/j120_29_1.rcp,,300,-1
RCPSP,KSD/j120_29_2.rcp,,300,-1
RCPSP,KSD/j120_29_3.rcp,,300,-1
RCPSP,KSD/j120_29_4.rcp,,300,-1
RCPSP,KSD/j120_29_5.rcp,,300,-1
RCPSP,KSD/j120_29_6.rcp,,300,-1
RCPSP,KSD/j120_29_7.rcp,,300,-1
RCPSP,KSD/j120_29_8.rcp,,300,-1
RCPSP,KSD/j120_29_9.rcp,,300,-1
RCPSP,KSD/j120_29_10.rcp,,300,-1

RCPSP,KSD/j120_30_1.rcp,,300,-1
RCPSP,KSD/j120_30_2.rcp,,300,-1
RCPSP,KSD/j120_30_3.rcp,,300,-1
RCPSP,KSD/j120_30_4.rcp,,300,-1
RCPSP,KSD/j120_30_5.rcp,,300,-1
RCPSP,KSD/j120_30_6.rcp,,300,-1
RCPSP,KSD/j120_30_7.rcp,,300,-1
RCPSP,KSD/j120_30_8.rcp,,300,-1
RCPSP,KSD/j120_30_9.rcp,,300,-1
RCPSP,KSD/j120_30_10.rcp,,300,-1

RCPSP,KSD/j120_31_1.rcp,,300,-1
RCPSP,KSD/j120_31_2.rcp,,300,-1
RCPSP,KSD/j120_31_3.rcp,,300,-1
RCPSP,KSD/j120_31_4.rcp,,300,-1
RCPSP,KSD/j120_31_5.rcp,,300,-1
RCPSP,KSD/j120_31_6.rcp,,300,-1
RCPSP,KSD/j120_31_7.rcp,,300,-1
RCPSP,KSD/j120_31_8.rcp,,300,-1
RCPSP,KSD/j120_31_9.rcp,,300,-1
RCPSP,KSD/j120_31_10.rcp,,300,-1

RCPSP,KSD/j120_32_1.rcp,,300,-1
RCPSP,KSD/j120_32_2.rcp,,300,-1
RCPSP,KSD/j120_32_3.rcp,,300,-1
RCPSP,KSD/j120_32_4.rcp,,300,-1
RCPSP,KSD/j120_32_5.rcp,,300,-1
RCPSP,KSD/j120_32_6.rcp,,300,-1
RCPSP,KSD/j120_32_7.rcp,,300,-1
RCPSP,KSD/j120_32_8.rcp,,300,-1
RCPSP,KSD/j120_32_9.rcp,,300,-1
RCPSP,KSD/j120_32_10.rcp,,300,-1

RCPSP,KSD/j120_33_1.rcp,,300,-1
RCPSP,KSD/j120_33_2.rcp,,300,-1
RCPSP,KSD/j120_33_3.rcp,,300,-1
RCPSP,KSD/j120_33_4.rcp,,300,-1
RCPSP,KSD/j120_33_5.rcp,,300,-1
RCPSP,KSD/j120_33_6.rcp,,300,-1
RCPSP,KSD/j120_33_7.rcp,,300,-1
RCPSP,KSD/j120_33_8.rcp,,300,-1
RCPSP,KSD/j120_33_9.rcp,,300,-1
RCPSP,KSD/j120_33_10.rcp,,300,-1

RCPSP,KSD/j120_34_1.rcp,,300,-1
RCPSP,KSD/j120_34_2.rcp,,300,-1
RCPSP,KSD/j120_34_3.rcp,,300,-1
RCPSP,KSD/j120_34_4.rcp,,300,-1
RCPSP,KSD/j120_34_5.rcp,,300,-1
RCPSP,KSD/j120_34_6.rcp,,300,-1
RCPSP,KSD/j120_34_7.rcp,,300,-1
RCPSP,KSD/j120_34_8.rcp,,300,-1
RCPSP,KSD/j120_34_9.rcp,,300,-1
RCPSP,KSD/j120_34_10.rcp,,300,-1

RCPSP,KSD/j120_35_1.rcp,,300,-1
RCPSP,KSD/j120_35_2.rcp,,300,-1
RCPSP,KSD/j120_35_3.rcp,,300,-1
RCPSP,KSD/j120_35_4.rcp,,300,-1
RCPSP,KSD/j120_35_5.rcp,,300,-1
RCPSP,KSD/j120_35_6.rcp,,300,-1
RCPSP,KSD/j120_35_7.rcp,,300,-1
RCPSP,KSD/j120_35_8.rcp,,300,-1
RCPSP,KSD/j120_35_9.rcp,,300,-1
RCPSP,KSD/j120_35_10.rcp,,300,-1

RCPSP,KSD/j120_36_1.rcp,,300,-1
RCPSP,KSD/j120_36_2.rcp,,300,-1
RCPSP,KSD/j120_36_3.rcp,,300,-1
RCPSP,KSD/j120_36_4.rcp,,300,-1
RCPSP,KSD/j120_36_5.rcp,,300,-1
RCPSP,KSD/j120_36_6.rcp,,300,-1
RCPSP,KSD/j120_36_7.rcp,,300,-1
RCPSP,KSD/j120_36_8.rcp,,300,-1
RCPSP,KSD/j120_36_9.rcp,,300,-1
RCPSP,KSD/j120_36_10.rcp,,300,-1

RCPSP,KSD/j120_37_1.rcp,,300,-1
RCPSP,KSD/j120_37_2.rcp,,300,-1
RCPSP,KSD/j120_37_3.rcp,,300,-1
RCPSP,KSD/j120_37_4.rcp,,300,-1
RCPSP,KSD/j120_37_5.rcp,,300,-1
RCPSP,KSD/j120_37_6.rcp,,300,-1
RCPSP,KSD/j120_37_7.rcp,,300,-1
RCPSP,KSD/j120_37_8.rcp,,300,-1
RCPSP,KSD/j120_37_9.rcp,,300,-1
RCPSP,KSD/j120_37_10.rcp,,300,-1

RCPSP,KSD/j120_38_1.rcp,,300,-1
RCPSP,KSD/j120_38_2.rcp,,300,-1
RCPSP,KSD/j120_38_3.rcp,,300,-1
RCPSP,KSD/j120_38_4.rcp,,300,-1
RCPSP,KSD/j120_38_5.rcp,,300,-1
RCPSP,KSD/j120_38_6.rcp,,300,-1
RCPSP,KSD/j120_38_7.rcp,,300,-1
RCPSP,KSD/j120_38_8.rcp,,300,-1
RCPSP,KSD/j120_38_9.rcp,,300,-1
RCPSP,KSD/j120_38_10.rcp,,300,-1

RCPSP,KSD/j120_39_1.rcp,,300,-1
RCPSP,KSD/j120_39_2.rcp,,300,-1
RCPSP,KSD/j120_39_3.rcp,,300,-1
RCPSP,KSD/j120_39_4.rcp,,300,-1
RCPSP,KSD/j120_39_5.rcp,,300,-1
RCPSP,KSD/j120_39_6.rcp,,300,-1
RCPSP,KSD/j120_39_7.rcp,,300,-1
RCPSP,KSD/j120_39_8.rcp,,300,-1
RCPSP,KSD/j120_39_9.rcp,,300,-1
RCPSP,KSD/j120_39_10.rcp,,300,-1

RCPSP,KSD/j120_40_1.rcp,,300,-1
RCPSP,KSD/j120_40_2.rcp,,300,-1
RCPSP,KSD/j120_40_3.rcp,,300,-1
RCPSP,KSD/j120_40_4.rcp,,300,-1
RCPSP,KSD/j120_40_5.rcp,,300,-1
RCPSP,KSD/j120_40_6.rcp,,300,-1
RCPSP,KSD/j120_40_7.rcp,,300,-1
RCPSP,KSD/j120_40_8.rcp,,300,-1
RCPSP,KSD/j120_40_9.rcp,,300,-1
RCPSP,KSD/j120_40_10.rcp,,300,-1

RCPSP,KSD/j120_41_1.rcp,,300,-1
RCPSP,KSD/j120_41_2.rcp,,300,-1
RCPSP,KSD/j120_41_3.rcp,,300,-1
RCPSP,KSD/j120_41_4.rcp,,300,-1
RCPSP,KSD/j120_41_5.rcp,,300,-1
RCPSP,KSD/j120_41_6.rcp,,300,-1
RCPSP,KSD/j120_41_7.rcp,,300,-1
RCPSP,KSD/j120_41_8.rcp,,300,-1
RCPSP,KSD/j120_41_9.rcp,,300,-1
RCPSP,KSD/j120_41_10.rcp,,300,-1

RCPSP,KSD/j120_42_1.rcp,,300,-1
RCPSP,KSD/j120_42_2.rcp,,300,-1
RCPSP,KSD/j120_42_3.rcp,,300,-1
RCPSP,KSD/j120_42_4.rcp,,300,-1
RCPSP,KSD/j120_42_5.rcp,,300,-1
RCPSP,KSD/j120_42_6.rcp,,300,-1
RCPSP,KSD/j120_42_7.rcp,,300,-1
RCPSP,KSD/j120_42_8.rcp,,300,-1
RCPSP,KSD/j120_42_9.rcp,,300,-1
RCPSP,KSD/j120_42_10.rcp,,300,-1

RCPSP,KSD/j120_43_1.rcp,,300,-1
RCPSP,KSD/j120_43_2.rcp,,300,-1
RCPSP,KSD/j120_43_3.rcp,,300,-1
RCPSP,KSD/j120_43_4.rcp,,300,-1
RCPSP,KSD/j120_43_5.rcp,,300,-1
RCPSP,KSD/j120_43_6.rcp,,300,-1
RCPSP,KSD/j120_43_7.rcp,,300,-1
RCPSP,KSD/j120_43_8.rcp,,300,-1
RCPSP,KSD/j120_43_9.rcp,,300,-1
RCPSP,KSD/j120_43_10.rcp,,300,-1

RCPSP,KSD/j120_44_1.rcp,,300,-1
RCPSP,KSD/j120_44_2.rcp,,300,-1
RCPSP,KSD/j120_44_3.rcp,,300,-1
RCPSP,KSD/j120_44_4.rcp,,300,-1
RCPSP,KSD/j120_44_5.rcp,,300,-1
RCPSP,KSD/j120_44_6.rcp,,300,-1
RCPSP,KSD/j120_44_7.rcp,,300,-1
RCPSP,KSD/j120_44_8.rcp,,300,-1
RCPSP,KSD/j120_44_9.rcp,,300,-1
RCPSP,KSD/j120_44_10.rcp,,300,-1

RCPSP,KSD/j120_45_1.rcp,,300,-1
RCPSP,KSD/j120_45_2.rcp,,300,-1
RCPSP,KSD/j120_45_3.rcp,,300,-1
RCPSP,KSD/j120_45_4.rcp,,300,-1
RCPSP,KSD/j120_45_5.rcp,,300,-1
RCPSP,KSD/j120_45_6.rcp,,300,-1
RCPSP,KSD/j120_45_7.rcp,,300,-1
RCPSP,KSD/j120_45_8.rcp,,300,-1
RCPSP,KSD/j120_45_9.rcp,,300,-1
RCPSP,KSD/j120_45_10.rcp,,300,-1

RCPSP,KSD/j120_46_1.rcp,,300,-1
RCPSP,KSD/j120_46_2.rcp,,300,-1
RCPSP,KSD/j120_46_3.rcp,,300,-1
RCPSP,KSD/j120_46_4.rcp,,300,-1
RCPSP,KSD/j120_46_5.rcp,,300,-1
RCPSP,KSD/j120_46_6.rcp,,300,-1
RCPSP,KSD/j120_46_7.rcp,,300,-1
RCPSP,KSD/j120_46_8.rcp,,300,-1
RCPSP,KSD/j120_46_9.rcp,,300,-1
RCPSP,KSD/j120_46_10.rcp,,300,-1

RCPSP,KSD/j120_47_1.rcp,,300,-1
RCPSP,KSD/j120_47_2.rcp,,300,-1
RCPSP,KSD/j120_47_3.rcp,,300,-1
RCPSP,KSD/j120_47_4.rcp,,300,-1
RCPSP,KSD/j120_47_5.rcp,,300,-1
RCPSP,KSD/j120_47_6.rcp,,300,-1
RCPSP,KSD/j120_47_7.rcp,,300,-1
RCPSP,KSD/j120_47_8.rcp,,300,-1
RCPSP,KSD/j120_47_9.rcp,,300,-1
RCPSP,KSD/j120_47_10.rcp,,300,-1

RCPSP,KSD/j120_48_1.rcp,,300,-1
RCPSP,KSD/j120_48_2.rcp,,300,-1
RCPSP,KSD/j120_48_3.rcp,,300,-1
RCPSP,KSD/j120_48_4.rcp,,300,-1
RCPSP,KSD/j120_48_5.rcp,,300,-1
RCPSP,KSD/j120_48_6.rcp,,300,-1
RCPSP,KSD/j120_48_7.rcp,,300,-1
RCPSP,KSD/j120_48_8.rcp,,300,-1
RCPSP,KSD/j120_48_9.rcp,,300,-1
RCPSP,KSD/j120_48_10.rcp,,300,-1

RCPSP,KSD/j120_49_1.rcp,,300,-1
RCPSP,KSD/j120_49_2.rcp,,300,-1
RCPSP,KSD/j120_49_3.rcp,,300,-1
RCPSP,KSD/j120_49_4.rcp,,300,-1
RCPSP,KSD/j120_49_5.rcp,,300,-1
RCPSP,KSD/j120_49_6.rcp,,300,-1
RCPSP,KSD/j120_49_7.rcp,,300,-1
RCPSP,KSD/j120_49_8.rcp,,300,-1
RCPSP,KSD/j120_49_9.rcp,,300,-1
RCPSP,KSD/j120_49_10.rcp,,300,-1

RCPSP,KSD/j120_50_1.rcp,,300,-1
RCPSP,KSD/j120_50_2.rcp,,300,-1
RCPSP,KSD/j120_50_3.rcp,,300,-1
RCPSP,KSD/j120_50_4.rcp,,300,-1
RCPSP,KSD/j120_50_5.rcp,,300,-1
RCPSP,KSD/j120_50_6.rcp,,300,-1
RCPSP,KSD/j120_50_7.rcp,,300,-1
RCPSP,KSD/j120_50_8.rcp,,300,-1
RCPSP,KSD/j120_50_9.rcp,,300,-1
RCPSP,KSD/j120_50_10.rcp,,300,-1

RCPSP,KSD/j120_51_1.rcp,,300,-1
RCPSP,KSD/j120_51_2.rcp,,300,-1
RCPSP,KSD/j120_51_3.rcp,,300,-1
RCPSP,KSD/j120_51_4.rcp,,300,-1
RCPSP,KSD/j120_51_5.rcp,,300,-1
RCPSP,KSD/j120_51_6.rcp,,300,-1
RCPSP,KSD/j120_51_7.rcp,,300,-1
RCPSP,KSD/j120_51_8.rcp,,300,-1
RCPSP,KSD/j120_51_9.rcp,,300,-1
RCPSP,KSD/j120_51_10.rcp,,300,-1

RCPSP,KSD/j120_52_1.rcp,,300,-1
RCPSP,KSD/j120_52_2.rcp,,300,-1
RCPSP,KSD/j120_52_3.rcp,,300,-1
RCPSP,KSD/j120_52_4.rcp,,300,-1
RCPSP,KSD/j120_52_5.rcp,,300,-1
RCPSP,KSD/j120_52_6.rcp,,300,-1
RCPSP,KSD/j120_52_7.rcp,,300,-1
RCPSP,KSD/j120_52_8.rcp,,300,-1
RCPSP,KSD/j120_52_9.rcp,,300,-1
RCPSP,KSD/j120_52_10.rcp,,300,-1

RCPSP,KSD/j120_53_1.rcp,,300,-1
RCPSP,KSD/j120_53_2.rcp,,300,-1
RCPSP,KSD/j120_53_3.rcp,,300,-1
RCPSP,KSD/j120_53_4.rcp,,300,-1
RCPSP,KSD/j120_53_5.rcp,,300,-1
RCPSP,KSD/j120_53_6.rcp,,300,-1
RCPSP,KSD/j120_53_7.rcp,,300,-1
RCPSP,KSD/j120_53_8.rcp,,300,-1
RCPSP,KSD/j120_53_9.rcp,,300,-1
RCPSP,KSD/j120_53_10.rcp,,300,-1

RCPSP,KSD/j120_54_1.rcp,,300,-1
RCPSP,KSD/j120_54_2.rcp,,300,-1
RCPSP,KSD/j120_54_3.rcp,,300,-1
RCPSP,KSD/j120_54_4.rcp,,300,-1
RCPSP,KSD/j120_54_5.rcp,,300,-1
RCPSP,KSD/j120_54_6.rcp,,300,-1
RCPSP,KSD/j120_54_7.rcp,,300,-1
RCPSP,KSD/j120_54_8.rcp,,300,-1
RCPSP,KSD/j120_54_9.rcp,,300,-1
RCPSP,KSD/j120_54_10.rcp,,300,-1

RCPSP,KSD/j120_55_1.rcp,,300,-1
RCPSP,KSD/j120_55_2.rcp,,300,-1
RCPSP,KSD/j120_55_3.rcp,,300,-1
RCPSP,KSD/j120_55_4.rcp,,300,-1
RCPSP,KSD/j120_55_5.rcp,,300,-1
RCPSP,KSD/j120_55_6.rcp,,300,-1
RCPSP,KSD/j120_55_7.rcp,,300,-1
RCPSP,KSD/j120_55_8.rcp,,300,-1
RCPSP,KSD/j120_55_9.rcp,,300,-1
RCPSP,KSD/j120_55_10.rcp,,300,-1

RCPSP,KSD/j120_56_1.rcp,,300,-1
RCPSP,KSD/j120_56_2.rcp,,300,-1
RCPSP,KSD/j120_56_3.rcp,,300,-1
RCPSP,KSD/j120_56_4.rcp,,300,-1
RCPSP,KSD/j120_56_5.rcp,,300,-1
RCPSP,KSD/j120_56_6.rcp,,300,-1
RCPSP,KSD/j120_56_7.rcp,,300,-1
RCPSP,KSD/j120_56_8.rcp,,300,-1
RCPSP,KSD/j120_56_9.rcp,,300,-1
RCPSP,KSD/j120_56_10.rcp,,300,-1

RCPSP,KSD/j120_57_1.rcp,,300,-1
RCPSP,KSD/j120_57_2.rcp,,300,-1
RCPSP,KSD/j120_57_3.rcp,,300,-1
RCPSP,KSD/j120_57_4.rcp,,300,-1
RCPSP,KSD/j120_57_5.rcp,,300,-1
RCPSP,KSD/j120_57_6.rcp,,300,-1
RCPSP,KSD/j120_57_7.rcp,,300,-1
RCPSP,KSD/j120_57_8.rcp,,300,-1
RCPSP,KSD/j120_57_9.rcp,,300,-1
RCPSP,KSD/j120_57_10.rcp,,300,-1

RCPSP,KSD/j120_58_1.rcp,,300,-1
RCPSP,KSD/j120_58_2.rcp,,300,-1
RCPSP,KSD/j120_58_3.rcp,,300,-1
RCPSP,KSD/j120_58_4.rcp,,300,-1
RCPSP,KSD/j120_58_5.rcp,,300,-1
RCPSP,KSD/j120_58_6.rcp,,300,-1
RCPSP,KSD/j120_58_7.rcp,,300,-1
RCPSP,KSD/j120_58_8.rcp,,300,-1
RCPSP,KSD/j120_58_9.rcp,,300,-1
RCPSP,KSD/j120_58_10.rcp,,300,-1

RCPSP,KSD/j120_59_1.rcp,,300,-1
RCPSP,KSD/j120_59_2.rcp,,300,-1
RCPSP,KSD/j120_59_3.rcp,,300,-1
RCPSP,KSD/j120_59_4.rcp,,300,-1
RCPSP,KSD/j120_59_5.rcp,,300,-1
RCPSP,KSD/j120_59_6.rcp,,300,-1
RCPSP,KSD/j120_59_7.rcp,,300,-1
RCPSP,KSD/j120_59_8.rcp,,300,-1
RCPSP,KSD/j120_59_9.rcp,,300,-1
RCPSP,KSD/j120_59_10.rcp,,300,-1

RCPSP,KSD/j120_60_1.rcp,,300,-1
RCPSP,KSD/j120_60_2.rcp,,300,-1
RCPSP,KSD/j120_60_3.rcp,,300,-1
RCPSP,KSD/j120_60_4.rcp,,300,-1
RCPSP,KSD/j120_60_5.rcp,,300,-1
RCPSP,KSD/j120_60_6.rcp,,300,-1
RCPSP,KSD/j120_60_7.rcp,,300,-1
RCPSP,KSD/j120_60_8.rcp,,300,-1
RCPSP,KSD/j120_60_9.rcp,,300,-1
RCPSP,KSD/j120_60_10.rcp,,300,-1

